Graph,Nodes,Edges,Density,Avg_Clustering,Connected_Components,Largest_Component,Avg_Path_Length_Giant
Real Reddit Network,35776,137821,0.00010768221304640787,0.18090101843790973,497,34671,3.913596449752649
ER,35776,137821,0.00021536442609281574,0.0001655600137009401,19,35758,5.371332424034815
BA,35776,143088,0.00022359484404240877,0.002272865258297503,1,35776,4.292830540272949
WS,35776,143104,0.00022361984626135568,0.22595175366027334,1,35776,6.149433865380552
