Node,Closeness_Centrality
askreddit,0.5807735772296473
iama,0.5349230316588856
videos,0.4945957905659034
todayilearned,0.48925088512459974
pics,0.48839784832823546
funny,0.47388273479474285
gaming,0.4581428574824619
news,0.4570584956896041
outoftheloop,0.4543699163031946
technology,0.4543699163031946
