Node,Degree_Centrality
askreddit,0.07055206149545772
iama,0.056743535988819004
subredditdrama,0.05042627533193571
writingprompts,0.031949685534591196
outoftheloop,0.030719776380153736
pics,0.026750524109014674
videos,0.024654088050314465
leagueoflegends,0.02328441649196366
todayilearned,0.02280922431865828
gaming,0.022641509433962263
