Node,Betweenness_Centrality
iama,0.06304893263592456
subredditdrama,0.06218210524298865
askreddit,0.05780007999980554
outoftheloop,0.029959782379159607
leagueoflegends,0.02699615670566745
writingprompts,0.02055133576012375
the_donald,0.016265469565870796
ideasfortheadmins,0.016186177034520275
tifu,0.013979202231944899
gaming,0.013732996580310287
